[
    {
        "name": "firstName",
        "label": "First Name",
        "type": "text",
        "iconName": "person",
        "required": true
    },
    {
        "name": "lastName",
        "label": "Last Name",
        "type": "text",
        "iconName": "person",
        "required": false
    },
    {
        "name": "email",
        "label": "Email",
        "type": "email",
        "iconName": "email",
        "required": true
    },
    {
        "name": "password",
        "label": "Password",
        "type": "text",
        "iconName": "locked",
        "secureText": true,
        "required": true
    }
]